38-142;-1;<ol><li><a href='http://eliasdeoliveira.com.br/seminars/tmp/1502895-66.2021.8.26.0536.pdf'>Link 1</a></li><li><a href='http://eliasdeoliveira.com.br/seminars/tmp/1500876-26.2022.8.26.0545.pdf'>Link 2</a></li><li><a href='http://eliasdeoliveira.com.br/seminars/tmp/1500084-18.2022.8.26.0272.pdf'>Link 3</a></li><li><a href='http://eliasdeoliveira.com.br/seminars/tmp/1516441-45.2021.8.26.0228.pdf'>Link 4</a></li><li><a href='http://eliasdeoliveira.com.br/seminars/tmp/1501585-42.2022.8.26.0228.pdf'>Link 5</a></li><li><a href='http://eliasdeoliveira.com.br/seminars/tmp/1524297-60.2021.8.26.0228.pdf'>Link 6</a></li><li><a href='http://eliasdeoliveira.com.br/seminars/tmp/0088506-06.2017.8.26.0050.pdf'>Link 7</a></li><li><a href='http://eliasdeoliveira.com.br/seminars/tmp/1529559-88.2021.8.26.0228.pdf'>Link 8</a></li><li><a href='http://eliasdeoliveira.com.br/seminars/tmp/0034278-89.2016.8.26.0576.pdf'>Link 9</a></li><li><a href='http://eliasdeoliveira.com.br/seminars/tmp/0013134-12.2014.8.26.0291.pdf'>Link 10</a></li></ol>
32-136;-1;<ol><li><a href='http://eliasdeoliveira.com.br/seminars/tmp/0001557-61.2017.8.26.0540.pdf'>Link 1</a></li><li><a href='http://eliasdeoliveira.com.br/seminars/tmp/0062191-04.2018.8.26.0050.pdf'>Link 2</a></li><li><a href='http://eliasdeoliveira.com.br/seminars/tmp/1500169-18.2022.8.26.0623.pdf'>Link 3</a></li><li><a href='http://eliasdeoliveira.com.br/seminars/tmp/1502435-67.2021.8.26.0540.pdf'>Link 4</a></li><li><a href='http://eliasdeoliveira.com.br/seminars/tmp/1517074-35.2020.8.26.0602.pdf'>Link 5</a></li><li><a href='http://eliasdeoliveira.com.br/seminars/tmp/1501420-38.2021.8.26.0322.pdf'>Link 6</a></li><li><a href='http://eliasdeoliveira.com.br/seminars/tmp/1501428-79.2022.8.26.0548.pdf'>Link 7</a></li><li><a href='http://eliasdeoliveira.com.br/seminars/tmp/1507276-37.2022.8.26.0228.pdf'>Link 8</a></li><li><a href='http://eliasdeoliveira.com.br/seminars/tmp/1501338-95.2022.8.26.0540.pdf'>Link 9</a></li><li><a href='http://eliasdeoliveira.com.br/seminars/tmp/1522526-47.2021.8.26.0228.pdf'>Link 10</a></li></ol>
13-124;-1;<ol><li><a href='http://eliasdeoliveira.com.br/seminars/tmp/1503256-47.2021.8.26.0548.pdf'>Link 1</a></li><li><a href='http://eliasdeoliveira.com.br/seminars/tmp/0005674-39.2005.8.26.0048.pdf'>Link 2</a></li><li><a href='http://eliasdeoliveira.com.br/seminars/tmp/1501249-87.2022.8.26.0535.pdf'>Link 3</a></li><li><a href='http://eliasdeoliveira.com.br/seminars/tmp/1509209-45.2022.8.26.0228.pdf'>Link 4</a></li><li><a href='http://eliasdeoliveira.com.br/seminars/tmp/1500595-20.2022.8.26.0594.pdf'>Link 5</a></li><li><a href='http://eliasdeoliveira.com.br/seminars/tmp/1503184-16.2022.8.26.0228.pdf'>Link 6</a></li><li><a href='http://eliasdeoliveira.com.br/seminars/tmp/1505959-53.2022.8.26.0050.pdf'>Link 7</a></li><li><a href='http://eliasdeoliveira.com.br/seminars/tmp/1501215-97.2022.8.26.0540.pdf'>Link 8</a></li><li><a href='http://eliasdeoliveira.com.br/seminars/tmp/1506291-90.2020.8.26.0114.pdf'>Link 9</a></li><li><a href='http://eliasdeoliveira.com.br/seminars/tmp/1525975-13.2021.8.26.0228.pdf'>Link 10</a></li></ol>
37-141;-1;<ol><li><a href='http://eliasdeoliveira.com.br/seminars/tmp/1513301-66.2022.8.26.0228.pdf'>Link 1</a></li><li><a href='http://eliasdeoliveira.com.br/seminars/tmp/1500233-46.2021.8.26.0596.pdf'>Link 2</a></li><li><a href='http://eliasdeoliveira.com.br/seminars/tmp/1500263-29.2022.8.26.0408.pdf'>Link 3</a></li><li><a href='http://eliasdeoliveira.com.br/seminars/tmp/1500154-12.2022.8.26.0312.pdf'>Link 4</a></li><li><a href='http://eliasdeoliveira.com.br/seminars/tmp/0020436-39.2015.8.26.0071.pdf'>Link 5</a></li><li><a href='http://eliasdeoliveira.com.br/seminars/tmp/1502279-96.2018.8.26.0536.pdf'>Link 6</a></li><li><a href='http://eliasdeoliveira.com.br/seminars/tmp/1517928-41.2019.8.26.0577.pdf'>Link 7</a></li><li><a href='http://eliasdeoliveira.com.br/seminars/tmp/0003056-39.2017.8.26.0586.pdf'>Link 8</a></li><li><a href='http://eliasdeoliveira.com.br/seminars/tmp/1507628-92.2022.8.26.0228.pdf'>Link 9</a></li><li><a href='http://eliasdeoliveira.com.br/seminars/tmp/1500636-67.2022.8.26.0535.pdf'>Link 10</a></li></ol>
33-137;-1;<ol><li><a href='http://eliasdeoliveira.com.br/seminars/tmp/1521877-48.2022.8.26.0228.pdf'>Link 1</a></li><li><a href='http://eliasdeoliveira.com.br/seminars/tmp/1530530-73.2021.8.26.0228.pdf'>Link 2</a></li><li><a href='http://eliasdeoliveira.com.br/seminars/tmp/1500263-52.2021.8.26.0347.pdf'>Link 3</a></li><li><a href='http://eliasdeoliveira.com.br/seminars/tmp/1500386-81.2021.8.26.0272.pdf'>Link 4</a></li><li><a href='http://eliasdeoliveira.com.br/seminars/tmp/1507631-09.2022.8.26.0564.pdf'>Link 5</a></li><li><a href='http://eliasdeoliveira.com.br/seminars/tmp/0003042-70.2015.8.26.0248.pdf'>Link 6</a></li><li><a href='http://eliasdeoliveira.com.br/seminars/tmp/1507862-06.2020.8.26.0338.pdf'>Link 7</a></li><li><a href='http://eliasdeoliveira.com.br/seminars/tmp/0026859-44.2017.8.26.0071.pdf'>Link 8</a></li><li><a href='http://eliasdeoliveira.com.br/seminars/tmp/1507548-80.2022.8.26.0050.pdf'>Link 9</a></li><li><a href='http://eliasdeoliveira.com.br/seminars/tmp/1514761-11.2020.8.26.0050.pdf'>Link 10</a></li></ol>
36-140;-1;<ol><li><a href='http://eliasdeoliveira.com.br/seminars/tmp/1500830-67.2022.8.26.0535.pdf'>Link 1</a></li><li><a href='http://eliasdeoliveira.com.br/seminars/tmp/1501782-31.2021.8.26.0616.pdf'>Link 2</a></li><li><a href='http://eliasdeoliveira.com.br/seminars/tmp/1510777-24.2021.8.26.0037.pdf'>Link 3</a></li><li><a href='http://eliasdeoliveira.com.br/seminars/tmp/1501811-23.2021.8.26.0603.pdf'>Link 4</a></li><li><a href='http://eliasdeoliveira.com.br/seminars/tmp/1502080-57.2020.8.26.0616.pdf'>Link 5</a></li><li><a href='http://eliasdeoliveira.com.br/seminars/tmp/1500537-84.2019.8.26.0541.pdf'>Link 6</a></li><li><a href='http://eliasdeoliveira.com.br/seminars/tmp/1500891-25.2022.8.26.0535.pdf'>Link 7</a></li><li><a href='http://eliasdeoliveira.com.br/seminars/tmp/0003103-30.2021.8.26.0050.pdf'>Link 8</a></li><li><a href='http://eliasdeoliveira.com.br/seminars/tmp/1524291-68.2022.8.26.0050.pdf'>Link 9</a></li><li><a href='http://eliasdeoliveira.com.br/seminars/tmp/1500131-23.2021.8.26.0370.pdf'>Link 10</a></li></ol>
21-129;-1;<ol><li><a href='http://eliasdeoliveira.com.br/seminars/tmp/1500452-11.2022.8.26.0536.pdf'>Link 1</a></li><li><a href='http://eliasdeoliveira.com.br/seminars/tmp/1500854-85.2022.8.26.0603.pdf'>Link 2</a></li><li><a href='http://eliasdeoliveira.com.br/seminars/tmp/1533472-93.2022.8.26.0050.pdf'>Link 3</a></li><li><a href='http://eliasdeoliveira.com.br/seminars/tmp/1500590-72.2022.8.26.0537.pdf'>Link 4</a></li><li><a href='http://eliasdeoliveira.com.br/seminars/tmp/1512301-36.2019.8.26.0228.pdf'>Link 5</a></li><li><a href='http://eliasdeoliveira.com.br/seminars/tmp/0007715-03.2020.8.26.0161.pdf'>Link 6</a></li><li><a href='http://eliasdeoliveira.com.br/seminars/tmp/0018132-96.2016.8.26.0050.pdf'>Link 7</a></li><li><a href='http://eliasdeoliveira.com.br/seminars/tmp/1500116-43.2021.8.26.0115.pdf'>Link 8</a></li><li><a href='http://eliasdeoliveira.com.br/seminars/tmp/1520219-72.2021.8.26.0050.pdf'>Link 9</a></li><li><a href='http://eliasdeoliveira.com.br/seminars/tmp/1529402-18.2021.8.26.0228.pdf'>Link 10</a></li></ol>
41-145;-1;<ol><li><a href='http://eliasdeoliveira.com.br/seminars/tmp/1500327-28.2021.8.26.0326.pdf'>Link 1</a></li><li><a href='http://eliasdeoliveira.com.br/seminars/tmp/1501464-59.2020.8.26.0268.pdf'>Link 2</a></li><li><a href='http://eliasdeoliveira.com.br/seminars/tmp/1531089-30.2021.8.26.0228.pdf'>Link 3</a></li><li><a href='http://eliasdeoliveira.com.br/seminars/tmp/1500031-21.2022.8.26.0633.pdf'>Link 4</a></li><li><a href='http://eliasdeoliveira.com.br/seminars/tmp/1500318-90.2022.8.26.0630.pdf'>Link 5</a></li><li><a href='http://eliasdeoliveira.com.br/seminars/tmp/1500489-11.2021.8.26.0621.pdf'>Link 6</a></li><li><a href='http://eliasdeoliveira.com.br/seminars/tmp/0069981-73.2017.8.26.0050.pdf'>Link 7</a></li><li><a href='http://eliasdeoliveira.com.br/seminars/tmp/1500819-06.2020.8.26.0536.pdf'>Link 8</a></li><li><a href='http://eliasdeoliveira.com.br/seminars/tmp/1500205-14.2022.8.26.0218.pdf'>Link 9</a></li><li><a href='http://eliasdeoliveira.com.br/seminars/tmp/0000875-19.2011.8.26.0152.pdf'>Link 10</a></li></ol>
50-291;-1;<ol><li><a href='http://eliasdeoliveira.com.br/seminars/tmp/0002062-82.2017.8.26.0530.pdf'>Link 1</a></li><li><a href='http://eliasdeoliveira.com.br/seminars/tmp/1500275-39.2021.8.26.0550.pdf'>Link 2</a></li><li><a href='http://eliasdeoliveira.com.br/seminars/tmp/1500778-66.2019.8.26.0506.pdf'>Link 3</a></li><li><a href='http://eliasdeoliveira.com.br/seminars/tmp/0004190-17.2016.8.26.0108.pdf'>Link 4</a></li><li><a href='http://eliasdeoliveira.com.br/seminars/tmp/1501339-34.2021.8.26.0599.pdf'>Link 5</a></li><li><a href='http://eliasdeoliveira.com.br/seminars/tmp/1506883-74.2022.8.26.0564.pdf'>Link 6</a></li><li><a href='http://eliasdeoliveira.com.br/seminars/tmp/0011458-77.2018.8.26.0068.pdf'>Link 7</a></li><li><a href='http://eliasdeoliveira.com.br/seminars/tmp/1501012-90.2019.8.26.0007.pdf'>Link 8</a></li><li><a href='http://eliasdeoliveira.com.br/seminars/tmp/1525902-41.2021.8.26.0228.pdf'>Link 9</a></li><li><a href='http://eliasdeoliveira.com.br/seminars/tmp/1502451-28.2020.8.26.0161.pdf'>Link 10</a></li></ol>
46-149;-1;<ol><li><a href='http://eliasdeoliveira.com.br/seminars/tmp/0000701-08.2022.8.26.0319.pdf'>Link 1</a></li><li><a href='http://eliasdeoliveira.com.br/seminars/tmp/1507628-92.2022.8.26.0228.pdf'>Link 2</a></li><li><a href='http://eliasdeoliveira.com.br/seminars/tmp/1509170-36.2021.8.26.0405.pdf'>Link 3</a></li><li><a href='http://eliasdeoliveira.com.br/seminars/tmp/0000044-18.2016.8.26.0306.pdf'>Link 4</a></li><li><a href='http://eliasdeoliveira.com.br/seminars/tmp/1514467-36.2022.8.26.0228.pdf'>Link 5</a></li><li><a href='http://eliasdeoliveira.com.br/seminars/tmp/1509820-81.2021.8.26.0050.pdf'>Link 6</a></li><li><a href='http://eliasdeoliveira.com.br/seminars/tmp/1503344-24.2021.8.26.0536.pdf'>Link 7</a></li><li><a href='http://eliasdeoliveira.com.br/seminars/tmp/1500043-11.2022.8.26.0544.pdf'>Link 8</a></li><li><a href='http://eliasdeoliveira.com.br/seminars/tmp/1500171-43.2022.8.26.0540.pdf'>Link 9</a></li><li><a href='http://eliasdeoliveira.com.br/seminars/tmp/1502678-40.2022.8.26.0228.pdf'>Link 10</a></li></ol>
22-130;-1;<ol><li><a href='http://eliasdeoliveira.com.br/seminars/tmp/0029940-98.2016.8.26.0050.pdf'>Link 1</a></li><li><a href='http://eliasdeoliveira.com.br/seminars/tmp/1516027-38.2019.8.26.0577.pdf'>Link 2</a></li><li><a href='http://eliasdeoliveira.com.br/seminars/tmp/0003042-70.2015.8.26.0248.pdf'>Link 3</a></li><li><a href='http://eliasdeoliveira.com.br/seminars/tmp/1500012-42.2021.8.26.0118.pdf'>Link 4</a></li><li><a href='http://eliasdeoliveira.com.br/seminars/tmp/1507049-43.2021.8.26.0564.pdf'>Link 5</a></li><li><a href='http://eliasdeoliveira.com.br/seminars/tmp/1501825-17.2021.8.26.0535.pdf'>Link 6</a></li><li><a href='http://eliasdeoliveira.com.br/seminars/tmp/1500056-75.2022.8.26.0587.pdf'>Link 7</a></li><li><a href='http://eliasdeoliveira.com.br/seminars/tmp/1501447-77.2019.8.26.0617.pdf'>Link 8</a></li><li><a href='http://eliasdeoliveira.com.br/seminars/tmp/1500173-98.2022.8.26.0544.pdf'>Link 9</a></li><li><a href='http://eliasdeoliveira.com.br/seminars/tmp/0000055-47.2021.8.26.0605.pdf'>Link 10</a></li></ol>
49-301;-1;<ol><li><a href='http://eliasdeoliveira.com.br/seminars/tmp/0000125-82.2016.8.26.0591.pdf'>Link 1</a></li><li><a href='http://eliasdeoliveira.com.br/seminars/tmp/1501291-26.2021.8.26.0292.pdf'>Link 2</a></li><li><a href='http://eliasdeoliveira.com.br/seminars/tmp/1500710-62.2022.8.26.0296.pdf'>Link 3</a></li><li><a href='http://eliasdeoliveira.com.br/seminars/tmp/0006933-93.2016.8.26.0077.pdf'>Link 4</a></li><li><a href='http://eliasdeoliveira.com.br/seminars/tmp/1503077-11.2018.8.26.0228.pdf'>Link 5</a></li><li><a href='http://eliasdeoliveira.com.br/seminars/tmp/0697813-91.2003.8.26.0577.pdf'>Link 6</a></li><li><a href='http://eliasdeoliveira.com.br/seminars/tmp/1518655-72.2022.8.26.0228.pdf'>Link 7</a></li><li><a href='http://eliasdeoliveira.com.br/seminars/tmp/1501606-67.2021.8.26.0126.pdf'>Link 8</a></li><li><a href='http://eliasdeoliveira.com.br/seminars/tmp/1501294-62.2022.8.26.0286.pdf'>Link 9</a></li><li><a href='http://eliasdeoliveira.com.br/seminars/tmp/1500111-90.2019.8.26.0535.pdf'>Link 10</a></li></ol>
